date,description,amount
2024-01-01,Amazon order,148.65
2024-02-02,Coffee shop,83.31
2024-03-03,Gas station,166.93
2024-04-04,Pharmacy,71.33
2024-05-05,Restaurant,90.92
2024-06-06,Gas station,130.06
2024-07-07,Restaurant,83.64
2024-08-08,Coffee shop,149.86
2024-09-09,Gas station,157.62
2024-10-10,Amazon order,11.3
2024-11-11,Gas station,104.42
2024-12-12,Gas station,118.27
2024-01-13,Restaurant,7.36
2024-02-14,Grocery run,75.31
2024-03-15,Grocery run,8.35
2024-04-16,Gas station,45.78
2024-05-17,Grocery run,144.25
2024-06-18,Coffee shop,82.58
2024-07-19,Amazon order,114.87
2024-08-20,Gas station,172.69
2024-09-21,Grocery run,39.08
2024-10-22,Pharmacy,49.06
2024-11-23,Coffee shop,136.89
2024-12-24,Restaurant,129.69
2024-01-25,Grocery run,43.86
2024-02-26,Gas station,98.99
2024-03-27,Restaurant,92.07
2024-04-01,Amazon order,179.44
2024-05-02,Grocery run,73.26
2024-06-03,Grocery run,19.35
2024-07-04,Pharmacy,26.86
2024-08-05,Pharmacy,38.65
2024-09-06,Coffee shop,70.32
2024-10-07,Restaurant,118.87
2024-11-08,Restaurant,144.23
2024-12-09,Gas station,85.61
2024-01-10,Amazon order,118.63
2024-02-11,Grocery run,21.42
2024-03-12,Coffee shop,41.54
2024-04-13,Pharmacy,176.57
2024-05-14,Gas station,98.5
2024-06-15,Gas station,50.09
2024-07-16,Coffee shop,65.34
2024-08-17,Coffee shop,10.54
2024-09-18,Gas station,100.85
2024-10-19,Amazon order,139.21
2024-11-20,Pharmacy,165.88
2024-12-21,Grocery run,146.41
2024-01-22,Coffee shop,79.49
2024-02-23,Coffee shop,34.43
2024-03-24,Gas station,124.84
2024-04-25,Grocery run,86.82
2024-05-26,Restaurant,162.5
2024-06-27,Restaurant,151.84
2024-07-01,Amazon order,125.33
2024-08-02,Pharmacy,105.9
2024-09-03,Coffee shop,137.38
2024-10-04,Pharmacy,96.69
2024-11-05,Gas station,150.28
2024-12-06,Restaurant,116.44
2024-01-07,Restaurant,94.5
2024-02-08,Restaurant,49.15
2024-03-09,Pharmacy,172.04
2024-04-10,Amazon order,157.13
2024-05-11,Restaurant,40.65
2024-06-12,Grocery run,174.45
2024-07-13,Restaurant,52.04
2024-08-14,Pharmacy,39.37
2024-09-15,Restaurant,24.11
2024-10-16,Coffee shop,110.52
2024-11-17,Coffee shop,98.74
2024-12-18,Coffee shop,94.82
2024-01-19,Amazon order,74.5
2024-02-20,Restaurant,25.46
2024-03-21,Coffee shop,125.61
2024-04-22,Coffee shop,167.83
2024-05-23,Pharmacy,76.82
2024-06-24,Pharmacy,51.38
2024-07-25,Pharmacy,90.77
2024-08-26,Gas station,80.33
2024-09-27,Pharmacy,96.4
2024-10-01,Amazon order,23.12
2024-11-02,Pharmacy,112.75
2024-12-03,Gas station,26.79
2024-01-04,Coffee shop,10.27
2024-02-05,Grocery run,44.0
2024-03-06,Gas station,60.69
2024-04-07,Gas station,47.03
2024-05-08,Pharmacy,22.46
2024-06-09,Restaurant,25.61
2024-07-10,Amazon order,93.84
2024-08-11,Gas station,130.31
2024-09-12,Restaurant,158.66
2024-10-13,Coffee shop,70.13
2024-11-14,Pharmacy,149.23
2024-12-15,Restaurant,32.11
2024-01-16,Grocery run,156.04
2024-02-17,Restaurant,116.37
2024-03-18,Restaurant,42.05
2024-04-19,Amazon order,99.56
2024-05-20,Restaurant,154.79
2024-06-21,Grocery run,165.01
2024-07-22,Gas station,162.87
2024-08-23,Gas station,110.15
2024-09-24,Grocery run,42.39
2024-10-25,Grocery run,160.21
2024-11-26,Grocery run,160.46
2024-12-27,Grocery run,131.88
2024-01-01,Amazon order,49.67
2024-02-02,Coffee shop,80.52
2024-03-03,Pharmacy,99.62
2024-04-04,Grocery run,39.31
2024-05-05,Coffee shop,20.91
2024-06-06,Restaurant,124.1
2024-07-07,Gas station,24.31
2024-08-08,Restaurant,115.7
2024-09-09,Gas station,92.49
2024-10-10,Amazon order,124.68
2024-11-11,Grocery run,145.3
2024-12-12,Pharmacy,22.69
2024-01-13,Coffee shop,138.11
2024-02-14,Restaurant,94.61
2024-03-15,Restaurant,88.7
2024-04-16,Grocery run,36.48
2024-05-17,Grocery run,34.36
2024-06-18,Grocery run,178.29
2024-07-19,Amazon order,167.13
2024-08-20,Coffee shop,106.04
2024-09-21,Grocery run,171.46
2024-10-22,Pharmacy,17.66
2024-11-23,Coffee shop,61.52
2024-12-24,Pharmacy,79.05
2024-01-25,Gas station,79.69
2024-02-26,Restaurant,69.68
2024-03-27,Coffee shop,152.59
2024-04-01,Amazon order,35.9
2024-05-02,Pharmacy,67.28
2024-06-03,Gas station,75.33
2024-07-04,Grocery run,110.46
2024-08-05,Coffee shop,94.21
2024-09-06,Coffee shop,60.97
2024-10-07,Coffee shop,145.1
2024-11-08,Pharmacy,104.26
2024-12-09,Grocery run,92.75
2024-01-10,Amazon order,176.95
2024-02-11,Gas station,53.19
2024-03-12,Coffee shop,135.02
2024-04-13,Grocery run,147.38
2024-05-14,Pharmacy,27.45
2024-06-15,Gas station,158.85
2024-07-16,Gas station,139.04
2024-08-17,Grocery run,75.41
2024-09-18,Grocery run,16.42
2024-10-19,Amazon order,64.14
2024-11-20,Pharmacy,21.75
2024-12-21,Gas station,178.34
2024-01-22,Restaurant,12.72
2024-02-23,Gas station,170.26
2024-03-24,Gas station,63.46
2024-04-25,Pharmacy,104.25
2024-05-26,Restaurant,17.52
2024-06-27,Restaurant,179.98
2024-07-01,Amazon order,117.04
2024-08-02,Coffee shop,138.07
2024-09-03,Restaurant,8.02
2024-10-04,Restaurant,23.02
2024-11-05,Grocery run,49.17
2024-12-06,Pharmacy,92.84
2024-01-07,Grocery run,118.05
2024-02-08,Coffee shop,21.33
2024-03-09,Gas station,52.52
2024-04-10,Amazon order,63.99
2024-05-11,Restaurant,93.38
2024-06-12,Restaurant,103.96
2024-07-13,Coffee shop,116.29
2024-08-14,Coffee shop,100.7
2024-09-15,Coffee shop,72.01
2024-10-16,Grocery run,71.92
2024-11-17,Grocery run,154.6
2024-12-18,Restaurant,111.57
2024-01-19,Amazon order,14.3
2024-02-20,Pharmacy,78.04
2024-03-21,Restaurant,74.15
2024-04-22,Gas station,68.34
2024-05-23,Gas station,89.05
2024-06-24,Gas station,102.67
2024-07-25,Gas station,120.79
2024-08-26,Gas station,8.73
2024-09-27,Grocery run,107.1
2024-10-01,Amazon order,115.41
2024-11-02,Pharmacy,136.82
2024-12-03,Pharmacy,13.29
2024-01-04,Gas station,135.71
2024-02-05,Coffee shop,106.39
2024-03-06,Gas station,16.94
2024-04-07,Grocery run,79.59
2024-05-08,Pharmacy,48.16
2024-06-09,Grocery run,12.0
2024-07-10,Amazon order,21.33
2024-08-11,Pharmacy,29.41
2024-09-12,Grocery run,110.24
2024-10-13,Coffee shop,12.87
2024-11-14,Pharmacy,84.2
2024-12-15,Grocery run,155.56
2024-01-16,Gas station,96.95
2024-02-17,Coffee shop,67.94
2024-03-18,Grocery run,121.55
2024-04-19,Amazon order,84.18
2024-05-20,Gas station,116.57
2024-06-21,Pharmacy,68.07
2024-07-22,Restaurant,147.46
2024-08-23,Grocery run,171.66
2024-09-24,Grocery run,45.96
2024-10-25,Coffee shop,92.52
2024-11-26,Gas station,142.04
2024-12-27,Restaurant,152.99
2024-01-01,Amazon order,52.36
2024-02-02,Restaurant,124.57
2024-03-03,Restaurant,127.03
2024-04-04,Grocery run,115.43
2024-05-05,Grocery run,37.41
2024-06-06,Grocery run,92.38
2024-07-07,Grocery run,158.66
2024-08-08,Coffee shop,114.6
2024-09-09,Coffee shop,51.69
2024-10-10,Amazon order,78.83
2024-11-11,Restaurant,10.7
2024-12-12,Grocery run,99.33
2024-01-13,Coffee shop,137.02
2024-02-14,Grocery run,100.91
2024-03-15,Gas station,89.19
2024-04-16,Gas station,41.07
2024-05-17,Gas station,91.02
2024-06-18,Grocery run,151.59
2024-07-19,Amazon order,17.09
2024-08-20,Coffee shop,82.73
2024-09-21,Restaurant,151.49
2024-10-22,Grocery run,82.2
2024-11-23,Gas station,72.66
2024-12-24,Grocery run,68.94
2024-01-25,Restaurant,61.27
2024-02-26,Restaurant,137.58
2024-03-27,Grocery run,79.27
2024-04-01,Amazon order,68.99
2024-05-02,Coffee shop,85.31
2024-06-03,Gas station,17.82
2024-07-04,Coffee shop,80.03
2024-08-05,Restaurant,89.33
2024-09-06,Pharmacy,56.6
2024-10-07,Coffee shop,17.39
2024-11-08,Grocery run,164.28
2024-12-09,Restaurant,18.38
2024-01-10,Amazon order,57.47
2024-02-11,Gas station,53.79
2024-03-12,Grocery run,42.5
2024-04-13,Gas station,68.49
2024-05-14,Coffee shop,60.75
2024-06-15,Pharmacy,104.19
2024-07-16,Gas station,81.09
2024-08-17,Gas station,84.66
2024-09-18,Grocery run,74.33
2024-10-19,Amazon order,168.5
2024-11-20,Restaurant,47.7
2024-12-21,Gas station,149.82
2024-01-22,Coffee shop,67.94
2024-02-23,Pharmacy,106.93
2024-03-24,Grocery run,134.03
2024-04-25,Gas station,144.29
2024-05-26,Restaurant,31.24
2024-06-27,Restaurant,103.05
2024-07-01,Amazon order,35.08
2024-08-02,Pharmacy,159.04
2024-09-03,Gas station,146.89
2024-10-04,Grocery run,94.75
2024-11-05,Restaurant,31.93
2024-12-06,Gas station,174.09
2024-01-07,Pharmacy,15.27
2024-02-08,Restaurant,57.76
2024-03-09,Restaurant,18.79
2024-04-10,Amazon order,18.37
2024-05-11,Coffee shop,162.24
2024-06-12,Coffee shop,8.57
2024-07-13,Grocery run,21.15
2024-08-14,Pharmacy,47.2
2024-09-15,Grocery run,90.07
2024-10-16,Restaurant,63.52
2024-11-17,Pharmacy,73.41
2024-12-18,Gas station,146.08
2024-01-19,Amazon order,62.6
2024-02-20,Grocery run,90.88
2024-03-21,Restaurant,145.64
2024-04-22,Coffee shop,128.63
2024-05-23,Coffee shop,76.27
2024-06-24,Gas station,154.22
2024-07-25,Pharmacy,150.75
2024-08-26,Pharmacy,172.57
2024-09-27,Coffee shop,96.2
2024-10-01,Amazon order,128.98
2024-11-02,Coffee shop,78.2
2024-12-03,Pharmacy,165.14
2024-01-04,Grocery run,134.46
2024-02-05,Pharmacy,124.4
2024-03-06,Gas station,39.97
2024-04-07,Pharmacy,97.12
2024-05-08,Gas station,174.68
2024-06-09,Coffee shop,86.97
2024-07-10,Amazon order,132.62
2024-08-11,Gas station,118.04
2024-09-12,Grocery run,164.55
2024-10-13,Pharmacy,7.02
2024-11-14,Pharmacy,164.04
2024-12-15,Coffee shop,59.01
2024-01-16,Grocery run,36.48
2024-02-17,Grocery run,107.55
2024-03-18,Restaurant,130.23
2024-04-19,Amazon order,108.68
2024-05-20,Grocery run,81.78
2024-06-21,Gas station,74.84
2024-07-22,Gas station,114.31
2024-08-23,Restaurant,88.39
2024-09-24,Gas station,89.32
2024-10-25,Pharmacy,164.91
2024-11-26,Gas station,120.2
2024-12-27,Coffee shop,88.94
2024-01-01,Amazon order,42.9
2024-02-02,Coffee shop,42.27
2024-03-03,Grocery run,145.05
2024-04-04,Pharmacy,175.78
2024-05-05,Restaurant,140.25
2024-06-06,Coffee shop,119.73
2024-07-07,Grocery run,161.03
2024-08-08,Pharmacy,163.32
2024-09-09,Pharmacy,144.23
2024-10-10,Amazon order,129.54
2024-11-11,Restaurant,157.97
2024-12-12,Pharmacy,31.62
2024-01-13,Gas station,29.47
2024-02-14,Restaurant,27.08
2024-03-15,Restaurant,50.91
2024-04-16,Restaurant,13.32
2024-05-17,Restaurant,139.59
2024-06-18,Coffee shop,39.96
2024-07-19,Amazon order,165.26
2024-08-20,Grocery run,148.69
2024-09-21,Coffee shop,65.9
2024-10-22,Restaurant,130.11
2024-11-23,Coffee shop,160.58
2024-12-24,Pharmacy,18.58
2024-01-25,Restaurant,99.64
2024-02-26,Restaurant,57.43
2024-03-27,Grocery run,77.39
2024-04-01,Amazon order,165.35
2024-05-02,Coffee shop,141.53
2024-06-03,Pharmacy,40.68
2024-07-04,Restaurant,76.71
2024-08-05,Pharmacy,31.73
2024-09-06,Gas station,59.63
2024-10-07,Pharmacy,17.38
2024-11-08,Gas station,179.52
2024-12-09,Coffee shop,67.31
2024-01-10,Amazon order,124.93
2024-02-11,Coffee shop,121.51
2024-03-12,Pharmacy,135.41
2024-04-13,Coffee shop,119.09
2024-05-14,Coffee shop,156.01
2024-06-15,Pharmacy,45.8
2024-07-16,Restaurant,23.95
2024-08-17,Coffee shop,154.67
2024-09-18,Grocery run,162.67
2024-10-19,Amazon order,30.78
2024-11-20,Pharmacy,168.99
2024-12-21,Gas station,171.92
2024-01-22,Pharmacy,101.78
2024-02-23,Coffee shop,49.13
2024-03-24,Grocery run,70.27
2024-04-25,Coffee shop,61.97
2024-05-26,Gas station,103.05
2024-06-27,Gas station,82.65
2024-07-01,Amazon order,71.31
2024-08-02,Coffee shop,28.78
2024-09-03,Coffee shop,27.13
2024-10-04,Grocery run,35.66
2024-11-05,Pharmacy,10.42
2024-12-06,Pharmacy,108.32
2024-01-07,Coffee shop,21.68
2024-02-08,Coffee shop,31.65
2024-03-09,Coffee shop,80.35
2024-04-10,Amazon order,139.73
2024-05-11,Gas station,166.03
2024-06-12,Pharmacy,167.13
2024-07-13,Grocery run,117.92
2024-08-14,Grocery run,148.52
2024-09-15,Pharmacy,88.96
2024-10-16,Pharmacy,113.65
2024-11-17,Pharmacy,111.9
2024-12-18,Gas station,176.82
2024-01-19,Amazon order,142.98
2024-02-20,Restaurant,97.26
2024-03-21,Gas station,62.26
2024-04-22,Gas station,57.99
2024-05-23,Pharmacy,22.7
2024-06-24,Pharmacy,40.06
2024-07-25,Gas station,142.79
2024-08-26,Coffee shop,111.61
2024-09-27,Grocery run,48.68
2024-10-01,Amazon order,98.84
2024-11-02,Gas station,100.49
2024-12-03,Gas station,111.71
2024-01-04,Restaurant,28.95
2024-02-05,Grocery run,177.67
2024-03-06,Restaurant,179.71
2024-04-07,Grocery run,103.86
2024-05-08,Coffee shop,114.37
2024-06-09,Grocery run,140.68
2024-07-10,Amazon order,27.98
2024-08-11,Pharmacy,105.46
2024-09-12,Gas station,61.94
2024-10-13,Gas station,50.85
2024-11-14,Coffee shop,83.6
2024-12-15,Grocery run,46.0
2024-01-16,Restaurant,99.64
2024-02-17,Restaurant,15.19
2024-03-18,Gas station,33.66
2024-04-19,Amazon order,135.25
2024-05-20,Gas station,109.87
2024-06-21,Coffee shop,168.38
2024-07-22,Coffee shop,54.79
2024-08-23,Gas station,46.39
2024-09-24,Restaurant,67.91
2024-10-25,Grocery run,36.66
2024-11-26,Restaurant,146.78
2024-12-27,Pharmacy,9.64
2024-01-01,Amazon order,35.69
2024-02-02,Grocery run,58.15
2024-03-03,Pharmacy,112.28
2024-04-04,Coffee shop,31.9
2024-05-05,Pharmacy,86.37
2024-06-06,Grocery run,96.9
2024-07-07,Coffee shop,104.24
2024-08-08,Grocery run,63.18
2024-09-09,Grocery run,50.4
2024-10-10,Amazon order,103.97
2024-11-11,Gas station,13.41
2024-12-12,Coffee shop,131.01
2024-01-13,Grocery run,74.96
2024-02-14,Pharmacy,109.62
2024-03-15,Pharmacy,64.8
2024-04-16,Restaurant,164.7
2024-05-17,Restaurant,137.41
2024-06-18,Gas station,89.5
2024-07-19,Amazon order,179.05
2024-08-20,Pharmacy,149.22
2024-09-21,Coffee shop,103.61
2024-10-22,Restaurant,62.14
2024-11-23,Restaurant,80.07
2024-12-24,Coffee shop,60.44
2024-01-25,Coffee shop,56.1
2024-02-26,Restaurant,162.42
2024-03-27,Pharmacy,109.16
2024-04-01,Amazon order,136.33
2024-05-02,Gas station,159.34
2024-06-03,Coffee shop,47.0
2024-07-04,Pharmacy,46.65
2024-08-05,Pharmacy,175.17
2024-09-06,Pharmacy,126.3
2024-10-07,Restaurant,164.15
2024-11-08,Restaurant,57.91
2024-12-09,Pharmacy,169.48
2024-01-10,Amazon order,158.84
2024-02-11,Gas station,156.5
2024-03-12,Pharmacy,103.26
2024-04-13,Grocery run,43.03
2024-05-14,Pharmacy,103.76
2024-06-15,Coffee shop,21.35
2024-07-16,Grocery run,25.79
2024-08-17,Restaurant,105.36
2024-09-18,Pharmacy,4.1
2024-10-19,Amazon order,46.93
2024-11-20,Gas station,8.21
2024-12-21,Grocery run,15.02
2024-01-22,Pharmacy,147.52
2024-02-23,Pharmacy,28.87
2024-03-24,Restaurant,44.62
2024-04-25,Gas station,9.48
2024-05-26,Gas station,58.18
2024-06-27,Pharmacy,29.21
2024-07-01,Amazon order,140.69
2024-08-02,Pharmacy,158.66
2024-09-03,Grocery run,55.98
2024-10-04,Coffee shop,38.41
2024-11-05,Gas station,162.28
2024-12-06,Coffee shop,34.25
2024-01-07,Restaurant,39.55
2024-02-08,Grocery run,37.71
2024-03-09,Coffee shop,118.42
2024-04-10,Amazon order,57.87
2024-05-11,Gas station,173.2
2024-06-12,Gas station,157.05
2024-07-13,Grocery run,62.95
2024-08-14,Pharmacy,77.07
2024-09-15,Grocery run,43.29
2024-10-16,Gas station,25.24
2024-11-17,Grocery run,51.34
2024-12-18,Grocery run,92.25
2024-01-19,Amazon order,56.0
2024-02-20,Gas station,69.56
2024-03-21,Restaurant,159.66
2024-04-22,Restaurant,94.8
2024-05-23,Gas station,161.6
2024-06-24,Grocery run,121.4
2024-07-25,Gas station,27.33
2024-08-26,Coffee shop,85.44
2024-09-27,Coffee shop,81.5
2024-10-01,Amazon order,96.98
2024-11-02,Restaurant,163.7
2024-12-03,Coffee shop,109.55
2024-01-04,Gas station,98.56
2024-02-05,Pharmacy,145.37
2024-03-06,Coffee shop,32.95
2024-04-07,Grocery run,47.28
2024-05-08,Gas station,133.22
2024-06-09,Coffee shop,36.8
2024-07-10,Amazon order,161.88
2024-08-11,Coffee shop,113.46
2024-09-12,Restaurant,71.71
2024-10-13,Pharmacy,14.6
2024-11-14,Coffee shop,101.86
2024-12-15,Gas station,60.46
2024-01-16,Pharmacy,141.81
2024-02-17,Restaurant,55.29
2024-03-18,Restaurant,135.01
2024-04-19,Amazon order,97.58
2024-05-20,Restaurant,141.22
2024-06-21,Grocery run,23.73
2024-07-22,Pharmacy,45.42
2024-08-23,Pharmacy,100.42
2024-09-24,Gas station,142.44
2024-10-25,Grocery run,49.7
2024-11-26,Restaurant,42.94
2024-12-27,Restaurant,110.18
2024-01-01,Amazon order,50.0
2024-02-02,Grocery run,109.04
2024-03-03,Coffee shop,104.78
2024-04-04,Grocery run,61.21
2024-05-05,Restaurant,7.13
2024-06-06,Pharmacy,145.89
2024-07-07,Restaurant,81.73
2024-08-08,Gas station,154.77
2024-09-09,Coffee shop,16.77
2024-10-10,Amazon order,163.69
2024-11-11,Restaurant,116.62
2024-12-12,Restaurant,143.32
2024-01-13,Grocery run,113.69
2024-02-14,Coffee shop,58.74
2024-03-15,Coffee shop,126.43
2024-04-16,Restaurant,133.97
2024-05-17,Gas station,138.69
2024-06-18,Pharmacy,19.57
2024-07-19,Amazon order,148.42
2024-08-20,Grocery run,70.68
2024-09-21,Grocery run,32.13
2024-10-22,Restaurant,142.46
2024-11-23,Coffee shop,59.58
2024-12-24,Pharmacy,68.14
2024-01-25,Grocery run,127.86
2024-02-26,Coffee shop,26.6
2024-03-27,Restaurant,177.57
2024-04-01,Amazon order,29.45
2024-05-02,Pharmacy,95.82
2024-06-03,Coffee shop,4.59
2024-07-04,Pharmacy,160.66
2024-08-05,Grocery run,20.09
2024-09-06,Restaurant,56.46
2024-10-07,Pharmacy,168.66
2024-11-08,Coffee shop,123.65
2024-12-09,Restaurant,44.46
2024-01-10,Amazon order,48.56
2024-02-11,Restaurant,154.54
2024-03-12,Pharmacy,85.23
2024-04-13,Grocery run,68.06
2024-05-14,Gas station,170.57
2024-06-15,Restaurant,42.43
2024-07-16,Grocery run,74.94
2024-08-17,Coffee shop,133.79
2024-09-18,Restaurant,126.26
2024-10-19,Amazon order,156.14
2024-11-20,Restaurant,166.61
2024-12-21,Grocery run,85.42
2024-01-22,Pharmacy,168.64
2024-02-23,Grocery run,71.08
2024-03-24,Coffee shop,41.91
2024-04-25,Gas station,47.38
2024-05-26,Restaurant,145.53
2024-06-27,Pharmacy,39.84
2024-07-01,Amazon order,41.74
2024-08-02,Pharmacy,137.69
2024-09-03,Pharmacy,82.69
2024-10-04,Grocery run,155.84
2024-11-05,Grocery run,99.1
2024-12-06,Pharmacy,16.81
2024-01-07,Gas station,67.86
2024-02-08,Gas station,113.29
2024-03-09,Restaurant,36.04
2024-04-10,Amazon order,50.17
2024-05-11,Pharmacy,103.86
2024-06-12,Grocery run,51.28
2024-07-13,Gas station,14.08
2024-08-14,Gas station,28.13
2024-09-15,Grocery run,131.33
2024-10-16,Coffee shop,7.59
2024-11-17,Gas station,151.63
2024-12-18,Pharmacy,18.64
2024-01-19,Amazon order,159.3
2024-02-20,Gas station,49.1
2024-03-21,Restaurant,121.78
2024-04-22,Gas station,73.34
2024-05-23,Grocery run,89.96
2024-06-24,Grocery run,30.55
2024-07-25,Restaurant,26.46
2024-08-26,Grocery run,58.96
2024-09-27,Pharmacy,88.24
2024-10-01,Amazon order,126.15
2024-11-02,Restaurant,128.36
2024-12-03,Gas station,59.24
2024-01-04,Pharmacy,121.25
2024-02-05,Grocery run,158.9
2024-03-06,Gas station,98.16
2024-04-07,Pharmacy,75.33
2024-05-08,Pharmacy,94.96
2024-06-09,Gas station,43.78
2024-07-10,Amazon order,55.41
2024-08-11,Gas station,111.59
2024-09-12,Grocery run,11.16
2024-10-13,Coffee shop,135.49
2024-11-14,Pharmacy,103.61
2024-12-15,Gas station,120.23
2024-01-16,Coffee shop,165.76
2024-02-17,Grocery run,102.23
2024-03-18,Gas station,121.32
2024-04-19,Amazon order,172.11
2024-05-20,Gas station,45.29
2024-06-21,Gas station,19.82
2024-07-22,Pharmacy,25.09
2024-08-23,Pharmacy,14.58
2024-09-24,Pharmacy,167.8
2024-10-25,Gas station,91.49
2024-11-26,Gas station,43.01
2024-12-27,Pharmacy,39.54
2024-01-01,Amazon order,139.22
2024-02-02,Gas station,121.08
2024-03-03,Grocery run,95.6
2024-04-04,Gas station,163.72
2024-05-05,Grocery run,88.18
2024-06-06,Gas station,127.44
2024-07-07,Restaurant,58.3
2024-08-08,Coffee shop,162.85
2024-09-09,Coffee shop,68.12
2024-10-10,Amazon order,15.08
2024-11-11,Pharmacy,51.87
2024-12-12,Pharmacy,91.22
2024-01-13,Restaurant,56.8
2024-02-14,Gas station,159.95
2024-03-15,Coffee shop,8.14
2024-04-16,Gas station,60.94
2024-05-17,Gas station,103.57
2024-06-18,Gas station,147.47
2024-07-19,Amazon order,160.12
2024-08-20,Pharmacy,71.66
2024-09-21,Gas station,172.02
2024-10-22,Gas station,9.46
2024-11-23,Grocery run,139.78
2024-12-24,Coffee shop,113.26
2024-01-25,Pharmacy,111.86
2024-02-26,Coffee shop,52.61
2024-03-27,Pharmacy,158.83
2024-04-01,Amazon order,71.21
2024-05-02,Pharmacy,10.71
2024-06-03,Grocery run,124.28
2024-07-04,Gas station,58.31
2024-08-05,Gas station,87.26
2024-09-06,Coffee shop,30.37
2024-10-07,Grocery run,51.48
2024-11-08,Gas station,123.71
2024-12-09,Grocery run,95.62
2024-01-10,Amazon order,167.06
2024-02-11,Pharmacy,4.62
2024-03-12,Restaurant,90.88
2024-04-13,Restaurant,17.91
2024-05-14,Restaurant,159.61
2024-06-15,Gas station,50.48
2024-07-16,Coffee shop,159.99
2024-08-17,Gas station,145.79
2024-09-18,Grocery run,126.39
2024-10-19,Amazon order,124.83
2024-11-20,Grocery run,149.09
2024-12-21,Grocery run,62.62
2024-01-22,Pharmacy,145.68
2024-02-23,Gas station,69.04
2024-03-24,Gas station,68.57
2024-04-25,Restaurant,91.71
2024-05-26,Grocery run,67.75
2024-06-27,Grocery run,165.47
2024-07-01,Amazon order,133.8
2024-08-02,Coffee shop,178.09
2024-09-03,Coffee shop,159.87
2024-10-04,Gas station,23.85
2024-11-05,Pharmacy,94.17
2024-12-06,Pharmacy,11.11
2024-01-07,Restaurant,156.47
2024-02-08,Pharmacy,13.41
2024-03-09,Gas station,73.94
2024-04-10,Amazon order,134.15
2024-05-11,Pharmacy,48.52
2024-06-12,Gas station,68.72
2024-07-13,Gas station,36.31
2024-08-14,Grocery run,152.32
2024-09-15,Grocery run,103.87
2024-10-16,Pharmacy,116.86
2024-11-17,Grocery run,113.65
2024-12-18,Gas station,145.02
2024-01-19,Amazon order,26.04
2024-02-20,Pharmacy,113.33
2024-03-21,Gas station,44.66
2024-04-22,Grocery run,175.39
2024-05-23,Pharmacy,107.05
2024-06-24,Grocery run,51.17
2024-07-25,Gas station,77.8
2024-08-26,Pharmacy,72.05
2024-09-27,Grocery run,12.57
2024-10-01,Amazon order,129.53
2024-11-02,Coffee shop,157.26
2024-12-03,Grocery run,54.34
2024-01-04,Restaurant,178.88
2024-02-05,Coffee shop,75.21
2024-03-06,Coffee shop,150.57
2024-04-07,Pharmacy,34.14
2024-05-08,Coffee shop,58.42
2024-06-09,Gas station,43.37
2024-07-10,Amazon order,131.05
2024-08-11,Pharmacy,138.71
2024-09-12,Restaurant,72.53
2024-10-13,Grocery run,100.09
2024-11-14,Grocery run,81.84
2024-12-15,Coffee shop,101.89
2024-01-16,Gas station,158.97
2024-02-17,Pharmacy,25.19
2024-03-18,Gas station,159.66
2024-04-19,Amazon order,51.55
2024-05-20,Restaurant,29.28
2024-06-21,Pharmacy,52.23
2024-07-22,Grocery run,18.26
2024-08-23,Grocery run,68.39
2024-09-24,Gas station,102.37
2024-10-25,Grocery run,15.33
2024-11-26,Gas station,121.96
2024-12-27,Coffee shop,36.12
2024-01-01,Amazon order,89.08
2024-02-02,Grocery run,178.53
2024-03-03,Pharmacy,89.23
2024-04-04,Pharmacy,65.85
2024-05-05,Restaurant,73.69
2024-06-06,Coffee shop,41.83
2024-07-07,Restaurant,119.61
2024-08-08,Restaurant,48.43
2024-09-09,Grocery run,169.24
2024-10-10,Amazon order,156.17
2024-11-11,Pharmacy,104.54
2024-12-12,Coffee shop,34.95
2024-01-13,Coffee shop,170.27
2024-02-14,Restaurant,24.9
2024-03-15,Coffee shop,51.7
2024-04-16,Coffee shop,136.63
2024-05-17,Gas station,15.08
2024-06-18,Pharmacy,5.84
2024-07-19,Amazon order,40.98
2024-08-20,Gas station,5.94
2024-09-21,Restaurant,50.63
2024-10-22,Grocery run,143.44
2024-11-23,Pharmacy,74.27
2024-12-24,Restaurant,149.67
2024-01-25,Coffee shop,168.76
2024-02-26,Pharmacy,74.8
2024-03-27,Pharmacy,48.09
2024-04-01,Amazon order,164.1
2024-05-02,Coffee shop,5.67
2024-06-03,Grocery run,43.99
2024-07-04,Pharmacy,131.48
2024-08-05,Restaurant,119.63
2024-09-06,Gas station,114.34
2024-10-07,Pharmacy,66.31
2024-11-08,Gas station,15.73
2024-12-09,Gas station,108.58
2024-01-10,Amazon order,50.57
2024-02-11,Grocery run,134.53
2024-03-12,Grocery run,12.26
2024-04-13,Grocery run,100.14
2024-05-14,Grocery run,35.2
2024-06-15,Coffee shop,31.39
2024-07-16,Gas station,65.66
2024-08-17,Pharmacy,7.87
2024-09-18,Pharmacy,92.45
2024-10-19,Amazon order,74.99
2024-11-20,Gas station,171.31
2024-12-21,Grocery run,7.66
2024-01-22,Grocery run,60.48
2024-02-23,Restaurant,23.07
2024-03-24,Gas station,79.7
2024-04-25,Grocery run,91.88
2024-05-26,Grocery run,147.01
2024-06-27,Coffee shop,123.19
2024-07-01,Amazon order,170.79
2024-08-02,Gas station,159.14
2024-09-03,Gas station,96.42
2024-10-04,Coffee shop,30.07
2024-11-05,Pharmacy,164.35
2024-12-06,Coffee shop,41.36
2024-01-07,Restaurant,64.65
2024-02-08,Pharmacy,154.72
2024-03-09,Pharmacy,92.85
2024-04-10,Amazon order,103.92
2024-05-11,Coffee shop,25.37
2024-06-12,Pharmacy,80.77
2024-07-13,Pharmacy,77.81
2024-08-14,Pharmacy,92.27
2024-09-15,Pharmacy,109.72
2024-10-16,Restaurant,11.49
2024-11-17,Coffee shop,96.97
2024-12-18,Pharmacy,82.64
2024-01-19,Amazon order,108.43
2024-02-20,Restaurant,13.61
2024-03-21,Gas station,30.74
2024-04-22,Pharmacy,61.75
2024-05-23,Gas station,133.89
2024-06-24,Gas station,37.14
2024-07-25,Pharmacy,178.14
2024-08-26,Pharmacy,13.23
2024-09-27,Grocery run,136.5
2024-10-01,Amazon order,161.93
2024-11-02,Coffee shop,45.21
2024-12-03,Grocery run,149.95
2024-01-04,Coffee shop,94.04
2024-02-05,Gas station,15.41
2024-03-06,Coffee shop,129.25
2024-04-07,Gas station,95.11
2024-05-08,Gas station,83.92
2024-06-09,Restaurant,6.53
2024-07-10,Amazon order,79.12
2024-08-11,Pharmacy,53.21
2024-09-12,Grocery run,16.94
2024-10-13,Restaurant,81.52
2024-11-14,Pharmacy,158.32
2024-12-15,Coffee shop,144.79
2024-01-16,Coffee shop,139.66
2024-02-17,Restaurant,175.2
2024-03-18,Coffee shop,144.23
2024-04-19,Amazon order,30.71
2024-05-20,Gas station,35.42
2024-06-21,Gas station,10.48
2024-07-22,Gas station,172.13
2024-08-23,Grocery run,150.76
2024-09-24,Coffee shop,77.22
2024-10-25,Restaurant,72.4
2024-11-26,Restaurant,85.96
2024-12-27,Pharmacy,16.65
2024-01-01,Amazon order,177.86
2024-02-02,Grocery run,97.68
2024-03-03,Gas station,158.28
2024-04-04,Grocery run,102.55
2024-05-05,Pharmacy,70.57
2024-06-06,Gas station,127.18
2024-07-07,Gas station,119.86
2024-08-08,Grocery run,126.29
2024-09-09,Grocery run,138.88
2024-10-10,Amazon order,34.19
2024-11-11,Restaurant,86.1
2024-12-12,Grocery run,52.97
2024-01-13,Gas station,169.62
2024-02-14,Restaurant,113.62
2024-03-15,Gas station,38.52
2024-04-16,Coffee shop,125.73
2024-05-17,Gas station,157.2
2024-06-18,Pharmacy,39.23
2024-07-19,Amazon order,16.58
2024-08-20,Gas station,78.75
2024-09-21,Restaurant,75.98
2024-10-22,Pharmacy,27.54
2024-11-23,Coffee shop,169.73
2024-12-24,Gas station,94.43
2024-01-25,Pharmacy,45.37
2024-02-26,Restaurant,24.69
2024-03-27,Coffee shop,157.58
2024-04-01,Amazon order,54.42
2024-05-02,Coffee shop,123.1
2024-06-03,Pharmacy,43.71
2024-07-04,Pharmacy,72.22
2024-08-05,Pharmacy,109.82
2024-09-06,Pharmacy,116.58
2024-10-07,Gas station,77.76
2024-11-08,Gas station,106.84
2024-12-09,Gas station,55.56
2024-01-10,Amazon order,126.3
2024-02-11,Restaurant,47.07
2024-03-12,Pharmacy,69.97
2024-04-13,Restaurant,161.58
2024-05-14,Gas station,72.3
2024-06-15,Gas station,64.12
2024-07-16,Restaurant,22.37
2024-08-17,Coffee shop,83.75
2024-09-18,Grocery run,19.56
2024-10-19,Amazon order,67.99
2024-11-20,Gas station,9.33
2024-12-21,Restaurant,121.78
2024-01-22,Gas station,178.22
2024-02-23,Coffee shop,121.56
2024-03-24,Grocery run,86.58
2024-04-25,Gas station,33.99
2024-05-26,Restaurant,59.62
2024-06-27,Restaurant,14.72
2024-07-01,Amazon order,43.12
2024-08-02,Coffee shop,178.7
2024-09-03,Pharmacy,80.27
2024-10-04,Grocery run,118.39
2024-11-05,Coffee shop,179.58
2024-12-06,Coffee shop,179.96
2024-01-07,Pharmacy,143.08
2024-02-08,Grocery run,95.14
2024-03-09,Restaurant,40.86
2024-04-10,Amazon order,69.1
2024-05-11,Grocery run,94.74
2024-06-12,Coffee shop,134.56
2024-07-13,Coffee shop,4.63
2024-08-14,Restaurant,142.39
2024-09-15,Gas station,120.75
2024-10-16,Pharmacy,140.58
2024-11-17,Coffee shop,80.23
2024-12-18,Grocery run,6.78
2024-01-19,Amazon order,155.3
2024-02-20,Coffee shop,23.17
2024-03-21,Pharmacy,98.32
2024-04-22,Restaurant,175.5
2024-05-23,Coffee shop,57.07
2024-06-24,Restaurant,103.27
2024-07-25,Coffee shop,103.95
2024-08-26,Grocery run,120.63
2024-09-27,Restaurant,94.15
2024-10-01,Amazon order,55.74
2024-11-02,Grocery run,47.43
2024-12-03,Pharmacy,86.08
2024-01-04,Grocery run,107.64
2024-02-05,Grocery run,102.23
2024-03-06,Pharmacy,28.23
2024-04-07,Coffee shop,146.5
2024-05-08,Restaurant,31.25
2024-06-09,Restaurant,96.39
2024-07-10,Amazon order,75.53
2024-08-11,Restaurant,173.56
2024-09-12,Coffee shop,76.75
2024-10-13,Coffee shop,44.28
2024-11-14,Coffee shop,133.26
2024-12-15,Pharmacy,31.55
2024-01-16,Restaurant,112.88
2024-02-17,Pharmacy,23.4
2024-03-18,Gas station,164.53
2024-04-19,Amazon order,99.6
2024-05-20,Coffee shop,72.6
2024-06-21,Gas station,17.79
2024-07-22,Gas station,98.46
2024-08-23,Pharmacy,61.87
2024-09-24,Pharmacy,39.85
2024-10-25,Restaurant,170.57
2024-11-26,Restaurant,176.75
2024-12-27,Coffee shop,73.42
2024-01-01,Amazon order,56.69
2024-02-02,Restaurant,49.46
2024-03-03,Gas station,18.86
2024-04-04,Pharmacy,71.7
2024-05-05,Pharmacy,62.76
2024-06-06,Coffee shop,12.72
2024-07-07,Restaurant,14.87
2024-08-08,Restaurant,71.26
2024-09-09,Gas station,74.35
2024-10-10,Amazon order,43.19
2024-11-11,Coffee shop,129.51
2024-12-12,Coffee shop,59.34
2024-01-13,Pharmacy,171.37
2024-02-14,Restaurant,135.9
2024-03-15,Pharmacy,133.03
2024-04-16,Gas station,75.56
2024-05-17,Coffee shop,5.25
2024-06-18,Restaurant,66.87
2024-07-19,Amazon order,47.35
2024-08-20,Restaurant,126.11
2024-09-21,Gas station,40.92
2024-10-22,Restaurant,13.86
2024-11-23,Grocery run,91.58
2024-12-24,Restaurant,137.49
2024-01-25,Gas station,13.34
2024-02-26,Coffee shop,41.54
2024-03-27,Restaurant,51.54
2024-04-01,Amazon order,144.03
2024-05-02,Pharmacy,117.91
2024-06-03,Gas station,74.8
2024-07-04,Gas station,104.71
2024-08-05,Coffee shop,19.04
2024-09-06,Grocery run,150.35
2024-10-07,Gas station,9.73
2024-11-08,Grocery run,148.21
2024-12-09,Gas station,117.04
2024-01-10,Amazon order,13.99
2024-02-11,Pharmacy,12.44
2024-03-12,Restaurant,18.75
2024-04-13,Grocery run,167.21
2024-05-14,Coffee shop,112.59
2024-06-15,Grocery run,106.05
2024-07-16,Coffee shop,148.99
2024-08-17,Pharmacy,77.63
2024-09-18,Coffee shop,34.36
2024-10-19,Amazon order,18.69
2024-11-20,Grocery run,70.5
2024-12-21,Pharmacy,123.18
2024-01-22,Coffee shop,82.32
2024-02-23,Coffee shop,151.03
2024-03-24,Gas station,121.26
2024-04-25,Restaurant,129.31
2024-05-26,Coffee shop,73.9
2024-06-27,Restaurant,24.04
2024-07-01,Amazon order,156.76
2024-08-02,Coffee shop,77.01
2024-09-03,Restaurant,28.64
2024-10-04,Coffee shop,31.29
2024-11-05,Gas station,87.14
2024-12-06,Coffee shop,161.8
2024-01-07,Pharmacy,39.25
2024-02-08,Pharmacy,90.88
2024-03-09,Pharmacy,94.03
2024-04-10,Amazon order,88.78
2024-05-11,Restaurant,134.65
2024-06-12,Grocery run,140.04
2024-07-13,Gas station,39.57
2024-08-14,Gas station,148.89
2024-09-15,Gas station,70.35
2024-10-16,Restaurant,124.34
2024-11-17,Pharmacy,105.07
2024-12-18,Pharmacy,67.05
2024-01-19,Amazon order,106.75
2024-02-20,Pharmacy,127.88
2024-03-21,Pharmacy,61.73
2024-04-22,Pharmacy,45.11
2024-05-23,Gas station,65.76
2024-06-24,Pharmacy,105.2
2024-07-25,Gas station,166.22
2024-08-26,Gas station,70.45
2024-09-27,Grocery run,80.16
2024-10-01,Amazon order,112.7
2024-11-02,Restaurant,35.63
2024-12-03,Pharmacy,164.1
2024-01-04,Pharmacy,72.06
2024-02-05,Coffee shop,44.71
2024-03-06,Restaurant,22.01
2024-04-07,Gas station,92.11
2024-05-08,Grocery run,10.17
2024-06-09,Gas station,103.98
2024-07-10,Amazon order,101.06
2024-08-11,Gas station,90.17
2024-09-12,Pharmacy,171.35
2024-10-13,Gas station,145.81
2024-11-14,Coffee shop,47.48
2024-12-15,Grocery run,42.45
2024-01-16,Grocery run,155.56
2024-02-17,Restaurant,64.57
2024-03-18,Grocery run,138.62
2024-04-19,Amazon order,106.51
2024-05-20,Gas station,125.31
2024-06-21,Gas station,23.17
2024-07-22,Gas station,111.05
2024-08-23,Gas station,23.44
2024-09-24,Gas station,7.58
2024-10-25,Restaurant,160.52
2024-11-26,Gas station,54.42
2024-12-27,Restaurant,27.15
2024-01-01,Amazon order,89.34
2024-02-02,Gas station,9.1
2024-03-03,Gas station,170.04
2024-04-04,Grocery run,157.79
2024-05-05,Grocery run,148.66
2024-06-06,Restaurant,154.43
2024-07-07,Restaurant,19.72
2024-08-08,Grocery run,98.08
2024-09-09,Restaurant,140.44
2024-10-10,Amazon order,49.73
2024-11-11,Coffee shop,79.17
2024-12-12,Gas station,118.72
2024-01-13,Restaurant,45.08
2024-02-14,Pharmacy,124.77
2024-03-15,Gas station,132.34
2024-04-16,Restaurant,51.65
2024-05-17,Gas station,159.85
2024-06-18,Coffee shop,171.18
2024-07-19,Amazon order,23.41
2024-08-20,Coffee shop,57.21
2024-09-21,Coffee shop,21.95
2024-10-22,Restaurant,173.16
2024-11-23,Grocery run,178.03
2024-12-24,Gas station,66.24
2024-01-25,Grocery run,14.81
2024-02-26,Coffee shop,28.77
2024-03-27,Pharmacy,104.48
2024-04-01,Amazon order,176.97
2024-05-02,Restaurant,99.45
2024-06-03,Pharmacy,96.75
2024-07-04,Grocery run,19.15
2024-08-05,Gas station,111.8
2024-09-06,Grocery run,158.82
2024-10-07,Coffee shop,77.44
2024-11-08,Pharmacy,37.95
2024-12-09,Pharmacy,9.2
2024-01-10,Amazon order,169.43
2024-02-11,Restaurant,19.67
2024-03-12,Gas station,49.07
2024-04-13,Grocery run,127.57
2024-05-14,Grocery run,175.78
2024-06-15,Grocery run,155.12
2024-07-16,Coffee shop,111.17
2024-08-17,Restaurant,179.39
2024-09-18,Restaurant,111.84
2024-10-19,Amazon order,111.91
2024-11-20,Grocery run,19.21
2024-12-21,Restaurant,31.65
2024-01-22,Coffee shop,23.21
2024-02-23,Gas station,156.95
2024-03-24,Coffee shop,76.9
2024-04-25,Grocery run,150.04
2024-05-26,Restaurant,95.48
2024-06-27,Restaurant,138.93
2024-07-01,Amazon order,122.07
2024-08-02,Coffee shop,4.12
2024-09-03,Coffee shop,172.64
2024-10-04,Grocery run,175.67
2024-11-05,Grocery run,75.74
2024-12-06,Gas station,42.6
2024-01-07,Pharmacy,6.63
2024-02-08,Grocery run,50.16
2024-03-09,Restaurant,69.07
2024-04-10,Amazon order,131.23
2024-05-11,Restaurant,122.78
2024-06-12,Pharmacy,118.68
2024-07-13,Pharmacy,34.92
2024-08-14,Grocery run,41.21
2024-09-15,Pharmacy,88.3
2024-10-16,Gas station,36.53
2024-11-17,Restaurant,49.8
2024-12-18,Restaurant,105.07
2024-01-19,Amazon order,104.92
2024-02-20,Coffee shop,36.48
2024-03-21,Grocery run,15.58
2024-04-22,Restaurant,62.01
2024-05-23,Grocery run,122.65
2024-06-24,Grocery run,99.05
2024-07-25,Coffee shop,124.51
2024-08-26,Restaurant,47.02
2024-09-27,Grocery run,11.91
2024-10-01,Amazon order,102.05
2024-11-02,Grocery run,69.25
2024-12-03,Gas station,16.3
2024-01-04,Coffee shop,178.32
2024-02-05,Pharmacy,180.0
2024-03-06,Pharmacy,142.97
2024-04-07,Grocery run,63.52
2024-05-08,Grocery run,70.79
2024-06-09,Gas station,102.95
2024-07-10,Amazon order,170.13
2024-08-11,Coffee shop,87.75
2024-09-12,Coffee shop,13.16
2024-10-13,Coffee shop,70.95
2024-11-14,Coffee shop,78.77
2024-12-15,Grocery run,29.25
2024-01-16,Grocery run,32.13
2024-02-17,Pharmacy,173.05
2024-03-18,Gas station,64.18
2024-04-19,Amazon order,167.81
2024-05-20,Grocery run,145.43
2024-06-21,Gas station,170.43
2024-07-22,Grocery run,45.77
2024-08-23,Grocery run,159.33
2024-09-24,Pharmacy,68.65
2024-10-25,Coffee shop,166.58
2024-11-26,Grocery run,169.24
2024-12-27,Coffee shop,177.09
2024-01-01,Amazon order,131.68
2024-02-02,Coffee shop,25.67
2024-03-03,Gas station,36.18
2024-04-04,Coffee shop,52.2
2024-05-05,Restaurant,99.1
2024-06-06,Restaurant,81.87
2024-07-07,Restaurant,50.08
2024-08-08,Coffee shop,18.34
2024-09-09,Grocery run,6.91
2024-10-10,Amazon order,166.21
2024-11-11,Restaurant,36.73
2024-12-12,Gas station,116.32
2024-01-13,Coffee shop,55.82
2024-02-14,Restaurant,84.92
2024-03-15,Restaurant,179.54
2024-04-16,Pharmacy,85.85
2024-05-17,Grocery run,29.94
2024-06-18,Pharmacy,176.11
2024-07-19,Amazon order,8.3
2024-08-20,Restaurant,74.49
2024-09-21,Coffee shop,53.59
2024-10-22,Coffee shop,34.45
2024-11-23,Grocery run,173.17
2024-12-24,Coffee shop,42.67
2024-01-25,Pharmacy,111.75
2024-02-26,Coffee shop,85.86
2024-03-27,Grocery run,64.2
2024-04-01,Amazon order,33.27
2024-05-02,Coffee shop,63.24
2024-06-03,Restaurant,102.9
2024-07-04,Pharmacy,48.13
2024-08-05,Gas station,33.28
2024-09-06,Grocery run,159.56
2024-10-07,Restaurant,111.78
2024-11-08,Pharmacy,99.06
2024-12-09,Pharmacy,49.12
2024-01-10,Amazon order,171.09
2024-02-11,Pharmacy,45.07
2024-03-12,Restaurant,154.12
2024-04-13,Grocery run,86.43
2024-05-14,Restaurant,177.28
2024-06-15,Gas station,138.68
2024-07-16,Gas station,45.38
2024-08-17,Restaurant,75.05
2024-09-18,Gas station,53.99
2024-10-19,Amazon order,21.06
2024-11-20,Coffee shop,65.09
2024-12-21,Restaurant,23.73
2024-01-22,Restaurant,118.51
2024-02-23,Coffee shop,120.64
2024-03-24,Pharmacy,51.36
2024-04-25,Restaurant,153.04
2024-05-26,Restaurant,85.36
2024-06-27,Coffee shop,60.23
2024-07-01,Amazon order,116.5
2024-08-02,Coffee shop,116.87
2024-09-03,Coffee shop,53.3
2024-10-04,Pharmacy,12.85
2024-11-05,Gas station,144.79
2024-12-06,Grocery run,106.65
2024-01-07,Pharmacy,144.44
2024-02-08,Gas station,38.3
2024-03-09,Restaurant,22.01
2024-04-10,Amazon order,66.14
2024-05-11,Coffee shop,170.48
2024-06-12,Pharmacy,155.25
2024-07-13,Grocery run,55.15
2024-08-14,Restaurant,92.52
2024-09-15,Grocery run,117.8
2024-10-16,Pharmacy,145.41
2024-11-17,Grocery run,124.58
2024-12-18,Gas station,146.49
2024-01-19,Amazon order,145.02
2024-02-20,Grocery run,24.7
2024-03-21,Pharmacy,57.38
2024-04-22,Grocery run,11.78
2024-05-23,Coffee shop,172.28
2024-06-24,Gas station,86.88
2024-07-25,Restaurant,122.87
2024-08-26,Pharmacy,168.12
2024-09-27,Coffee shop,175.83
2024-10-01,Amazon order,32.12
2024-11-02,Gas station,176.86
2024-12-03,Pharmacy,58.67
2024-01-04,Grocery run,111.42
2024-02-05,Gas station,177.36
2024-03-06,Restaurant,118.22
2024-04-07,Coffee shop,80.77
2024-05-08,Pharmacy,139.28
2024-06-09,Coffee shop,104.17
2024-07-10,Amazon order,170.04
2024-08-11,Pharmacy,43.6
2024-09-12,Gas station,10.88
2024-10-13,Grocery run,91.98
2024-11-14,Grocery run,44.63
2024-12-15,Restaurant,140.45
2024-01-16,Grocery run,94.79
2024-02-17,Gas station,86.15
2024-03-18,Grocery run,8.74
2024-04-19,Amazon order,50.97
2024-05-20,Coffee shop,62.18
2024-06-21,Coffee shop,164.43
2024-07-22,Gas station,97.78
2024-08-23,Restaurant,113.01
2024-09-24,Pharmacy,140.25
2024-10-25,Gas station,23.21
2024-11-26,Grocery run,95.97
2024-12-27,Pharmacy,15.59
2024-01-01,Amazon order,21.01
2024-02-02,Restaurant,12.85
2024-03-03,Restaurant,47.96
2024-04-04,Grocery run,168.17
2024-05-05,Gas station,46.47
2024-06-06,Gas station,74.1
2024-07-07,Gas station,13.18
2024-08-08,Gas station,56.03
2024-09-09,Restaurant,76.93
2024-10-10,Amazon order,75.59
2024-11-11,Grocery run,142.98
2024-12-12,Coffee shop,25.46
2024-01-13,Pharmacy,87.77
2024-02-14,Pharmacy,138.19
2024-03-15,Restaurant,146.32
2024-04-16,Restaurant,162.85
2024-05-17,Gas station,107.18
2024-06-18,Pharmacy,179.53
2024-07-19,Amazon order,96.88
2024-08-20,Grocery run,36.01
2024-09-21,Coffee shop,112.28
2024-10-22,Grocery run,101.03
2024-11-23,Gas station,142.54
2024-12-24,Restaurant,131.91
2024-01-25,Gas station,51.2
2024-02-26,Coffee shop,128.25
2024-03-27,Pharmacy,14.69
2024-04-01,Amazon order,175.76
2024-05-02,Pharmacy,38.12
2024-06-03,Gas station,160.37
2024-07-04,Coffee shop,100.87
2024-08-05,Coffee shop,51.42
2024-09-06,Restaurant,81.02
2024-10-07,Grocery run,179.17
2024-11-08,Pharmacy,104.88
2024-12-09,Grocery run,74.93
2024-01-10,Amazon order,118.34
2024-02-11,Restaurant,75.96
2024-03-12,Coffee shop,129.05
2024-04-13,Grocery run,47.16
2024-05-14,Restaurant,87.37
2024-06-15,Coffee shop,71.44
2024-07-16,Pharmacy,132.55
2024-08-17,Restaurant,22.59
2024-09-18,Grocery run,153.97
2024-10-19,Amazon order,89.65
2024-11-20,Restaurant,157.78
2024-12-21,Coffee shop,63.08
2024-01-22,Coffee shop,42.89
2024-02-23,Restaurant,105.55
2024-03-24,Pharmacy,157.08
2024-04-25,Grocery run,49.31
2024-05-26,Coffee shop,128.62
2024-06-27,Pharmacy,40.44
2024-07-01,Amazon order,120.63
2024-08-02,Grocery run,83.73
2024-09-03,Gas station,41.17
2024-10-04,Coffee shop,76.36
2024-11-05,Gas station,113.48
2024-12-06,Coffee shop,84.1
2024-01-07,Pharmacy,114.09
2024-02-08,Restaurant,84.02
2024-03-09,Pharmacy,123.3
2024-04-10,Amazon order,92.8
2024-05-11,Pharmacy,159.95
2024-06-12,Coffee shop,134.4
2024-07-13,Gas station,44.26
2024-08-14,Restaurant,171.16
2024-09-15,Pharmacy,80.58
2024-10-16,Gas station,43.77
2024-11-17,Coffee shop,98.89
2024-12-18,Gas station,103.14
2024-01-19,Amazon order,72.88
2024-02-20,Pharmacy,64.63
2024-03-21,Pharmacy,49.67
2024-04-22,Restaurant,70.84
2024-05-23,Pharmacy,56.74
2024-06-24,Grocery run,135.55
2024-07-25,Pharmacy,14.52
2024-08-26,Restaurant,13.08
2024-09-27,Grocery run,151.37
2024-10-01,Amazon order,72.86
2024-11-02,Restaurant,176.08
2024-12-03,Gas station,135.41
2024-01-04,Restaurant,88.16
2024-02-05,Gas station,128.12
2024-03-06,Restaurant,75.74
2024-04-07,Grocery run,177.73
2024-05-08,Grocery run,136.48
2024-06-09,Restaurant,61.16
2024-07-10,Amazon order,131.88
2024-08-11,Coffee shop,52.3
2024-09-12,Restaurant,64.4
2024-10-13,Pharmacy,61.56
2024-11-14,Pharmacy,120.74
2024-12-15,Gas station,163.49
2024-01-16,Pharmacy,122.98
2024-02-17,Coffee shop,110.63
2024-03-18,Pharmacy,85.46
2024-04-19,Amazon order,102.07
2024-05-20,Pharmacy,104.22
2024-06-21,Gas station,66.06
2024-07-22,Coffee shop,17.26
2024-08-23,Gas station,100.08
2024-09-24,Grocery run,125.48
2024-10-25,Grocery run,70.91
2024-11-26,Gas station,29.78
2024-12-27,Restaurant,98.57
2024-01-01,Amazon order,8.25
2024-02-02,Gas station,74.02
2024-03-03,Pharmacy,30.15
2024-04-04,Gas station,114.24
2024-05-05,Restaurant,47.95
2024-06-06,Grocery run,8.48
2024-07-07,Coffee shop,116.11
2024-08-08,Coffee shop,134.06
2024-09-09,Gas station,7.68
2024-10-10,Amazon order,14.13
2024-11-11,Restaurant,8.94
2024-12-12,Gas station,155.28
2024-01-13,Grocery run,113.94
2024-02-14,Gas station,127.08
2024-03-15,Gas station,146.83
2024-04-16,Grocery run,152.85
2024-05-17,Gas station,8.87
2024-06-18,Restaurant,53.53
2024-07-19,Amazon order,92.93
2024-08-20,Gas station,43.32
2024-09-21,Grocery run,109.95
2024-10-22,Gas station,30.44
2024-11-23,Gas station,142.68
2024-12-24,Pharmacy,34.91
2024-01-25,Grocery run,165.1
2024-02-26,Grocery run,87.27
2024-03-27,Restaurant,128.33
2024-04-01,Amazon order,42.03
2024-05-02,Gas station,157.52
2024-06-03,Grocery run,88.32
2024-07-04,Coffee shop,44.26
2024-08-05,Coffee shop,153.62
2024-09-06,Coffee shop,138.93
2024-10-07,Restaurant,169.63
2024-11-08,Coffee shop,20.76
2024-12-09,Coffee shop,108.46
2024-01-10,Amazon order,138.06
2024-02-11,Pharmacy,109.62
2024-03-12,Pharmacy,15.03
2024-04-13,Coffee shop,77.5
2024-05-14,Restaurant,35.05
2024-06-15,Gas station,11.71
2024-07-16,Grocery run,126.41
2024-08-17,Gas station,13.45
2024-09-18,Gas station,42.9
2024-10-19,Amazon order,7.61
2024-11-20,Grocery run,67.36
2024-12-21,Grocery run,166.59
2024-01-22,Gas station,49.93
2024-02-23,Coffee shop,68.11
2024-03-24,Pharmacy,108.2
2024-04-25,Gas station,34.46
2024-05-26,Grocery run,152.9
2024-06-27,Pharmacy,123.22
2024-07-01,Amazon order,37.43
2024-08-02,Restaurant,160.13
2024-09-03,Restaurant,144.73
2024-10-04,Pharmacy,125.86
2024-11-05,Restaurant,46.98
2024-12-06,Pharmacy,67.76
2024-01-07,Gas station,86.47
2024-02-08,Restaurant,105.26
2024-03-09,Grocery run,54.16
2024-04-10,Amazon order,56.13
2024-05-11,Pharmacy,9.61
2024-06-12,Coffee shop,113.18
2024-07-13,Gas station,95.84
2024-08-14,Gas station,156.88
2024-09-15,Restaurant,124.32
2024-10-16,Gas station,135.04
2024-11-17,Pharmacy,19.93
2024-12-18,Restaurant,101.31
2024-01-19,Amazon order,158.96
2024-02-20,Grocery run,17.09
2024-03-21,Grocery run,98.05
2024-04-22,Gas station,99.66
2024-05-23,Restaurant,101.88
2024-06-24,Coffee shop,155.71
2024-07-25,Restaurant,66.79
2024-08-26,Coffee shop,97.6
2024-09-27,Coffee shop,6.36
2024-10-01,Amazon order,30.09
2024-11-02,Pharmacy,129.82
2024-12-03,Coffee shop,82.79
2024-01-04,Pharmacy,108.11
2024-02-05,Restaurant,108.17
2024-03-06,Restaurant,128.88
2024-04-07,Coffee shop,85.66
2024-05-08,Grocery run,122.66
2024-06-09,Grocery run,168.71
2024-07-10,Amazon order,118.81
2024-08-11,Gas station,178.19
2024-09-12,Restaurant,7.14
2024-10-13,Grocery run,130.99
2024-11-14,Grocery run,110.3
2024-12-15,Grocery run,138.09
