yr,mnth,rides,casual_rides,registered_rides,hourly_records
0,1,38189,3073,35116,688
0,2,48215,6242,41973,649
0,3,64045,12826,51219,730
0,4,94870,22346,72524,719
0,5,135821,31050,104771,744
0,6,143512,30612,112900,720
0,7,141341,36452,104889,744
0,8,136691,28842,107849,731
0,9,127418,26545,100873,717
0,10,123511,25222,98289,743
0,11,102167,15594,86573,719
0,12,87323,8448,78875,741
1,1,96744,8969,87775,741
1,2,103137,8721,94416,692
1,3,164875,31618,133257,743
1,4,174224,38456,135768,718
1,5,195865,44235,151630,744
1,6,202830,43294,159536,720
1,7,203607,41705,161902,744
1,8,214503,43197,171306,744
1,9,218573,43778,174795,720
1,10,198841,34538,164303,708
1,11,152664,21009,131655,718
1,12,123713,13245,110468,742
